LogL_07M003M	LogT_07M003M	L(sun)_07M003M	T_07M003M
-0.903517593	3.62721319	0.124876986	4238.509784
-0.927316241	3.61984859	0.118218041	4167.240738
-0.927411033	3.61983702	0.118192241	4167.12972
-0.927460807	3.61982772	0.118178696	4167.040486
-0.927495083	3.61982127	0.118169369	4166.978599
-0.927519801	3.61981659	0.118162644	4166.933696
-0.92753816	3.61981303	0.118157649	4166.899539
-0.927550771	3.6198105	0.118154218	4166.875264
-0.927557906	3.61980896	0.118152277	4166.860489
-0.927560268	3.61980827	0.118151634	4166.853868
-0.927559529	3.61980802	0.118151835	4166.85147
-0.92755455	3.6198085	0.11815319	4166.856075
-0.92754648	3.61980943	0.118155385	4166.864998
-0.927533661	3.61981127	0.118158873	4166.882652
-0.927519405	3.61981319	0.118162751	4166.901074
-0.927502197	3.61981563	0.118167433	4166.924485
-0.927482177	3.61981859	0.118172881	4166.952885
-0.927460757	3.61982178	0.118178709	4166.983492
-0.927438964	3.619825	0.11818464	4167.014388
-0.927416644	3.61982834	0.118190714	4167.046435
-0.927394107	3.61983176	0.118196847	4167.07925
-0.927372009	3.61983514	0.118202862	4167.111681
-0.927350037	3.61983855	0.118208842	4167.144401
-0.927328061	3.61984199	0.118214824	4167.177409
-0.927305428	3.61984555	0.118220985	4167.211568
-0.927281112	3.61984941	0.118227604	4167.248606
-0.927254183	3.61985365	0.118234935	4167.289291
-0.927223075	3.61985853	0.118243404	4167.336118
-0.92718632	3.61986427	0.118253412	4167.391197
-0.927142346	3.6198711	0.118265386	4167.456737
-0.92708938	3.61987929	0.11827981	4167.535328
-0.927025398	3.61988918	0.118297237	4167.630234
-0.926948423	3.61990104	0.118318206	4167.744048
-0.926856093	3.61991519	0.118343363	4167.879842
-0.926744559	3.61993243	0.11837376	4168.045296
-0.926611094	3.61995298	0.118410143	4168.242525
-0.926450856	3.61997764	0.11845384	4168.479212
-0.926258451	3.62000725	0.11850633	4168.763426
-0.926027491	3.62004279	0.118569369	4169.104586
-0.925750263	3.62008542	0.118645081	4169.513842
-0.925417493	3.62013654	0.118736025	4170.004657
-0.925017776	3.62019798	0.118845358	4170.594633
-0.924538111	3.62027153	0.118976692	4171.301004
-0.923962129	3.62035973	0.119134589	4172.148232
-0.923270144	3.62046565	0.119324564	4173.1659
-0.922439003	3.62059263	0.119553143	4174.386238
-0.921440457	3.62074494	0.11982834	4175.85048
-0.92024071	3.62092742	0.120159826	4177.60544
-0.918798374	3.62114616	0.120559552	4179.710094
-0.917063448	3.62140853	0.121042128	4182.235942
-0.914976516	3.62172288	0.121625177	4185.264214
-0.912464628	3.62209939	0.122330675	4188.894186
-0.90943944	3.62254999	0.123185775	4193.242607
-0.905793309	3.62308919	0.124224338	4198.451977
-0.90139534	3.62373364	0.125488711	4204.686689
-0.896084372	3.62450346	0.127032729	4212.146425
-0.889215854	3.62556458	0.129057767	4222.450626
-0.88237634	3.62662078	0.13110633	4232.732083
-0.876072739	3.62757638	0.13302316	4242.05583
-0.869978457	3.6284836	0.13490298	4250.92654
-0.863851102	3.62937982	0.136819783	4259.707906
-0.857258577	3.63041281	0.138912531	4269.851883
-0.850758718	3.63142986	0.141007198	4279.862928
-0.8444058	3.63240594	0.14308503	4289.492768
-0.838112785	3.63335543	0.145173456	4298.881066
-0.831870507	3.6342782	0.147275157	4308.024852
-0.825432013	3.63526586	0.149474802	4317.833187
-0.818849622	3.63631007	0.151757575	4328.2274
-0.81242033	3.63731049	0.154020905	4338.20919
-0.806055589	3.63828131	0.156294758	4347.917651
-0.799736092	3.63922614	0.158585658	4357.387066
-0.793486237	3.64014081	0.160884336	4366.573854
-0.786867582	3.64118346	0.163354995	4377.069677
-0.780323903	3.64221296	0.165834963	4387.457878
-0.773886375	3.64320432	0.168311436	4397.484527
-0.767492005	3.6441679	0.170807916	4407.252167
-0.761150694	3.6451022	0.17332025	4416.743718
-0.754887311	3.64600352	0.175837981	4425.919596
-0.74826371	3.64703183	0.178540312	4436.411578
-0.741704374	3.64804856	0.18125735	4446.80986
-0.735250206	3.64902529	0.18397118	4456.822008
-0.728841426	3.64997162	0.186706129	4466.544035
-0.722483219	3.65088718	0.189459672	4475.970134
-0.716197487	3.65176891	0.192221744	4485.066741
-0.709754782	3.65270313	0.195094586	4494.725046
-0.703124014	3.65370804	0.198096128	4505.137391
-0.696634014	3.65466624	0.201078662	4515.088216
-0.690202729	3.65559006	0.204078508	4524.702817
-0.683814242	3.65648241	0.207102699	4534.009335
-0.677487331	3.65734135	0.210141907	4542.985493
-0.671233167	3.65816575	0.213190002	4551.617411
-0.664696948	3.65908867	0.21642282	4561.300346
-0.658122123	3.66003121	0.219724192	4571.210388
-0.651655669	3.66093143	0.223020267	4580.695572
-0.64523813	3.66179819	0.226340291	4589.846801
-0.638867635	3.66263259	0.229684858	4598.673645
-0.632563722	3.66343263	0.233043116	4607.152946
-0.626328877	3.66419869	0.236412874	4615.286759
-0.619925462	3.66502097	0.239924467	4624.033481
-0.613353535	3.66590823	0.243582714	4633.489999
-0.606908879	3.66675076	0.24722428	4642.487681
-0.60051632	3.66755956	0.25089019	4651.141585
-0.594165239	3.66833696	0.254586143	4659.474722
-0.587872645	3.66908138	0.258301754	4667.468332
-0.581643778	3.66979357	0.262033141	4675.12869
-0.575475184	3.67047405	0.265781542	4682.459719
-0.569027705	3.67125324	0.269756734	4690.868301
-0.562551975	3.67204952	0.273809193	4699.476909
-0.556165072	3.67280809	0.277865692	4707.692526
-0.549814961	3.67353562	0.281958401	4715.585461
-0.543502533	3.67423292	0.286086567	4723.162851
-0.537237545	3.67489963	0.290243468	4730.419214
-0.531019419	3.67553645	0.294428998	4737.360668
-0.524840966	3.67614467	0.298647603	4743.999887
-0.51865447	3.67674302	0.302932264	4750.540446
-0.512108189	3.67746973	0.307533061	4758.496235
-0.505674678	3.67815525	0.312122676	4766.013301
-0.499257926	3.67881045	0.316768563	4773.208991
-0.492849693	3.6794374	0.321477296	4780.104599
-0.486461598	3.68003464	0.326240897	4786.682701
-0.480096874	3.68060237	0.331057267	4792.944168
-0.47375342	3.68114136	0.335928291	4798.896241
-0.467437312	3.68165076	0.340849521	4804.528346
-0.461151681	3.68213101	0.345818577	4809.844211
-0.454845576	3.68260736	0.350876615	4815.122718
-0.448293635	3.68317811	0.356210211	4821.454914
-0.441879165	3.68370774	0.361510433	4827.338353
-0.435619554	3.68419702	0.366758718	4832.779939
-0.429577933	3.68464159	0.371896479	4837.729597
-0.423783199	3.6850414	0.376891898	4842.185245
-0.418227646	3.68539879	0.381744118	4846.17162
-0.41287973	3.68571699	0.386473989	4849.723627
-0.407704222	3.68600065	0.39110717	4852.892265
-0.402668183	3.68625276	0.39566881	4855.71021
-0.397745599	3.68647622	0.400179098	4858.209289
-0.392914681	3.68667581	0.40465538	4860.442503
-0.38782956	3.68698288	0.409421307	4863.880318
-0.382862485	3.68725678	0.414130784	4866.948828
-0.377958104	3.68750217	0.418833968	4869.699584
-0.373124484	3.68771961	0.423521553	4872.138327
-0.368367127	3.68790989	0.428186404	4874.273453
-0.363682972	3.68807353	0.432829674	4876.110401
-0.359070517	3.68821203	0.43745107	4877.66568
-0.354528066	3.68832607	0.442050549	4878.946659
-0.350054909	3.68841632	0.44662712	4879.96065
-0.345649963	3.68848369	0.451180205	4880.717713
-0.341312159	3.68852882	0.455709247	4881.224922
-0.337040058	3.6885531	0.460214123	4881.497823
-0.332832772	3.68855626	0.464694174	4881.533342
-0.328688209	3.68853962	0.469150076	4881.34631
-0.324606121	3.68850384	0.473580573	4880.944169
-0.320448408	3.68850045	0.478136163	4880.90607
-0.316272333	3.68850798	0.482755985	4880.990698
-0.31216036	3.68849289	0.487348507	4880.821106
-0.308109998	3.68845541	0.491914928	4880.399905
-0.304124645	3.68839695	0.496449817	4879.743003
-0.300203869	3.68831769	0.500952019	4878.852517
-0.296344749	3.68821871	0.505423291	4877.740705
-0.292547226	3.68810045	0.509862151	4876.412659
-0.288808409	3.68796322	0.514270474	4874.872035
-0.285126283	3.68780824	0.518649206	4873.132725
-0.281502219	3.68763533	0.522995294	4871.192922
-0.277930331	3.68744587	0.527314446	4869.068338
-0.274411827	3.68723985	0.531603918	4866.759104
-0.270941551	3.68701777	0.535868772	4864.271084
-0.267520055	3.68678037	0.540107173	4861.612836
-0.264145829	3.68652787	0.544319848	4858.787103
-0.260815217	3.68626091	0.548510295	4855.801333
-0.257527071	3.68597973	0.552678957	4852.658506
-0.254281548	3.68568375	0.556824649	4849.352453
-0.251072747	3.68537468	0.560954005	4845.902591
-0.247904126	3.68505172	0.565061703	4842.30031
-0.244769384	3.68471606	0.569155079	4838.559211
-0.241669815	3.68436753	0.573231681	4834.677728
-0.238601256	3.68400587	0.57729626	4830.653312
-0.235564264	3.68363186	0.581347402	4826.494993
-0.232554768	3.68324535	0.585389909	4822.201458
-0.229574921	3.68284613	0.589420286	4817.770744
-0.226617783	3.68243593	0.59344738	4813.222409
-0.223685802	3.6820134	0.597467379	4808.541848
-0.220774393	3.68157891	0.601486116	4803.733547
-0.217882591	3.68113238	0.605504547	4798.797015
-0.215011954	3.68067403	0.60952012	4793.735084
-0.21216141	3.6802081	0.613533937	4788.594915
-0.209325064	3.67972962	0.617553996	4783.322029
-0.206505766	3.67923784	0.621575995	4777.908627
-0.203696937	3.67873486	0.625609108	4772.378275
-0.200903796	3.67822056	0.629645645	4766.730076
-0.198120508	3.67769557	0.63369385	4760.971372
-0.195348891	3.67715985	0.637750942	4755.102139
-0.192582452	3.67661301	0.641826357	4749.118541
-0.189826934	3.67605444	0.645911573	4743.014365
-0.186821625	3.67555834	0.650396769	4737.599454
-0.183800803	3.6750568	0.654936504	4732.13145
-0.180766862	3.67454688	0.659527848	4726.578553
-0.177715585	3.67402877	0.664177891	4720.943143
-0.174647306	3.67350302	0.668886905	4715.231502
-0.171561349	3.67297081	0.673656727	4709.456719
-0.168457102	3.67243116	0.678489136	4703.608429
-0.165342751	3.67189362	0.683372108	4697.790226
-0.162203753	3.67134227	0.688329285	4691.830023
-0.159038445	3.67078052	0.693364425	4685.765171
-0.15584563	3.67021348	0.698480635	4679.651158
-0.15262836	3.66963898	0.703674219	4673.464843
-0.149134631	3.66912101	0.709357833	4667.894265
-0.145475865	3.66863174	0.715359148	4662.638442
-0.141780033	3.66813802	0.721472807	4657.340816
-0.138037029	3.66764087	0.727717755	4652.012468
-0.13425363	3.66714559	0.734085034	4646.710223
-0.130440934	3.66665581	0.74055798	4641.472803
-0.126559623	3.66614867	0.747206045	4636.055965
-0.122623783	3.66563898	0.754008457	4630.61826
-0.118560222	3.66514526	0.761096593	4625.357015
-0.114106661	3.66472757	0.768941568	4620.910639
-0.109605558	3.66431021	0.776952453	4616.472045
-0.10503959	3.66389096	0.785164056	4612.017643
-0.100464416	3.66350113	0.793479268	4607.879676
-0.095772645	3.66308421	0.802097855	4603.458263
-0.090999358	3.66266644	0.810962258	4599.032091
-0.086058205	3.66226978	0.820241607	4594.833513
-0.080732506	3.66194188	0.830362054	4591.365642
-0.075342641	3.66161527	0.840731576	4587.914016
-0.069967776	3.66132936	0.851201194	4584.894639
-0.064433279	3.66101112	0.862118017	4581.536175
-0.058792717	3.66069131	0.873388126	4578.16362
-0.053020592	3.66038378	0.885073643	4574.922906
-0.046819951	3.6601481	0.897800926	4572.440891
-0.040545528	3.6599155	0.91086596	4569.992633
-0.034339762	3.65973867	0.923975037	4568.132266
-0.027904789	3.65951462	0.937767572	4565.776201
-0.021346955	3.65929152	0.952035285	4563.431333
-0.014509765	3.65910671	0.967141981	4561.48982
-0.007411239	3.65895934	0.983079774	4559.942224
-0.000456	3.65887842	0.998950668	4559.092671
0.006782622	3.65874316	1.015740155	4557.672973
0.014168766	3.65860628	1.033162814	4556.236722
0.021721725	3.65848507	1.051288043	4554.96527
0.029643762	3.65841279	1.070640733	4554.207247
0.037322371	3.6584158	1.089738692	4554.238811
0.045352435	3.65835955	1.11007529	4553.648982
0.053567106	3.65829779	1.131272177	4553.001464
0.061890017	3.65823846	1.153161187	4552.379511
0.06617665	3.65823067	1.164599636	4552.297855
0.070505546	3.6582272	1.176266006	4552.261482
0.074877239	3.65822305	1.188166324	4552.217982
0.078918047	3.65828896	1.199272973	4552.908895
0.083213748	3.65830935	1.211194103	4553.122657
0.088590378	3.65830841	1.22628207	4553.112802
0.095132898	3.6583065	1.244895502	4553.092778
0.103089097	3.65830587	1.267911956	4553.086173
0.1123249	3.65832493	1.295164404	4553.286
0.1218209	3.65836389	1.323795499	4553.694488
0.1308019	3.6585073	1.351455967	4555.198429
0.140506062	3.65855174	1.381993696	4555.664572
0.150411341	3.65859299	1.41387606	4556.097297
0.160444805	3.65863668	1.446920951	4556.555663
0.170815175	3.65870658	1.481887296	4557.289103
0.181280711	3.65877538	1.518031247	4558.011116
0.190879955	3.65896114	1.551957968	4559.961123
0.201515226	3.65902877	1.590432442	4560.671273
0.212331495	3.65909287	1.630540142	4561.344458
0.223300698	3.65915873	1.672248049	4562.03623
0.234552712	3.65923948	1.716139992	4562.884546
0.245917631	3.65931554	1.761641899	4563.683735
0.256082339	3.65951271	1.803359612	4565.756121
0.267600203	3.65958537	1.851826109	4566.520062
0.279307304	3.65964876	1.902423947	4567.186644
0.291128877	3.65970668	1.954919493	4567.795791
0.303147059	3.65976569	2.009773238	4568.416485
0.315393831	3.6598259	2.067253953	4569.049888
0.32773516	3.65987945	2.126841667	4569.613302
0.333868669	3.6598994	2.157092004	4569.823219
0.336938606	3.65990902	2.172394057	4569.924446
0.339996754	3.65992034	2.187745272	4570.043564
0.34308445	3.65993162	2.203354871	4570.162264
0.345029793	3.66003101	2.213246535	4571.208283
0.347557409	3.66008305	2.2261653	4571.756068
0.35121544	3.66010156	2.24499532	4571.950924
0.355787346	3.66011427	2.268753676	4572.084728
0.361338853	3.66012724	2.297940889	4572.221274
0.368070544	3.66014068	2.333837125	4572.362771
0.376249929	3.66015361	2.378208511	4572.498903
0.386217155	3.66016473	2.433420459	4572.615983
0.39839556	3.66017169	2.50262374	4572.689264
0.411377869	3.66016902	2.578563726	4572.661152
0.424755807	3.66016292	2.659229421	4572.596925
0.438269994	3.66014636	2.743279095	4572.422572
0.451943931	3.66011823	2.831026476	4572.126418
0.465738149	3.66007805	2.922389838	4571.703434
0.479639228	3.66002607	3.017444063	4571.156287
0.493672434	3.65996144	3.116538053	4570.476076
0.507818354	3.65988418	3.219721844	4569.663071
0.52210596	3.65979346	3.327407261	4568.708612
0.529129361	3.65974047	3.381655488	4568.151199
0.536120781	3.65969061	3.436535076	4567.626774
0.541010648	3.65975499	3.475446824	4568.303931
0.547768304	3.65972021	3.529947969	4567.938098
0.555055273	3.65965829	3.589676178	4567.286866
0.563981836	3.65957598	3.66422249	4566.421329
0.574896138	3.65946856	3.757475331	4565.291994
0.588318593	3.65932659	3.875418365	4563.799853
0.60300607	3.65915741	4.008723205	4562.022365
0.617926341	3.65897195	4.148836699	4560.074626
0.633050305	3.65877013	4.295861835	4557.956017
0.648297021	3.65855193	4.44935462	4555.666565
0.663617102	3.65831852	4.609110308	4553.218796
0.679028136	3.65806862	4.775602116	4550.599555
0.694506592	3.65780283	4.948876226	4547.815421
0.710087229	3.65751961	5.129644037	4544.850584
0.725744384	3.65722051	5.317951644	4541.721609
0.74147415	3.65690583	5.514093805	4538.431971
0.757224639	3.65657726	5.717743107	4534.999672
0.772997231	3.65623491	5.929215442	4531.426186
0.788837927	3.65587729	6.149473396	4527.696317
0.804712871	3.65550518	6.378416448	4523.81858
0.820593642	3.65511949	6.615971748	4519.802833
0.836485641	3.65472018	6.862551885	4515.649031
0.852318405	3.65430989	7.117351343	4511.384987
0.868063221	3.65389011	7.380116559	4507.026483
0.883672235	3.65346353	7.650190239	4502.60169
0.89914959	3.65303002	7.927743496	4498.109464
0.914408947	3.65259417	8.211243801	4493.597508
0.929368309	3.65215978	8.499009389	4489.105169
0.943928988	3.65173289	8.788787986	4484.694769
0.957924704	3.65132185	9.0766315	4480.452217
0.971314703	3.65093138	9.360837432	4476.425695
0.984031157	3.65056654	9.638981728	4472.666741
0.996041724	3.6502311	9.909271417	4469.21348
1.00745614	3.64992223	10.17316621	4466.036108
1.0185257	3.6496295	10.43579886	4463.026854
1.02990767	3.64932813	10.71291527	4459.9309
1.0417862	3.64900246	11.00997163	4456.587728
1.0544632	3.64863163	11.33608778	4452.784016
1.06812385	3.6482024	11.69832951	4448.385332
1.08278178	3.64770996	12.09989997	4443.344233
1.09833302	3.64715657	12.54102461	4437.686007
1.11464556	3.64654721	13.02103661	4431.463841
1.13151532	3.64589139	13.53677842	4424.77702
1.14887487	3.64519286	14.08882809	4417.66582
1.16663737	3.64445569	14.67700256	4410.173649
1.18466793	3.6436868	15.2991721	4402.372632
1.20291321	3.64288945	15.95560256	4394.29744
1.22133462	3.64206618	16.64694789	4385.975284
1.2398367	3.64122247	17.37147517	4377.462859
1.2584432	3.64035799	18.13189519	4368.758016
1.2773735	3.63946407	18.93971764	4359.774933
1.29633354	3.63855255	19.78488544	4350.634005
1.3153778	3.63762111	20.67177646	4341.313113
1.33450058	3.63667004	21.6023292	4331.816388
1.35365399	3.63570228	22.57636355	4322.174333
1.37283618	3.63471804	23.59588006	4312.390096
1.39213053	3.63371272	24.66780633	4302.419171
1.41145837	3.63269032	25.79041734	4292.302487
1.43086941	3.63164807	26.96928359	4282.013873
1.45032736	3.63058761	28.20508157	4271.570809
1.4698069	3.6295106	29.49897325	4260.990834
1.4892612	3.62842014	30.85042846	4250.305431
1.50878496	3.62731072	32.26895935	4239.461738
1.52836077	3.62618313	33.75676109	4228.468795
1.54795857	3.62503941	35.31494791	4217.34772
1.56757415	3.62388007	36.94657203	4206.104612
1.58723465	3.62270377	38.65757882	4194.727662
1.60708667	3.62150265	40.4656639	4183.142411
1.6268588	3.6202924	42.35052515	4171.501461
1.64666991	3.61906561	44.32716027	4159.734479
1.66650228	3.61782357	46.39832258	4147.855038
1.68634304	3.61656732	48.56719707	4135.874196
1.70617022	3.6152988	50.83586527	4123.811449
1.72592511	3.61402273	53.20165101	4111.712403
1.74575479	3.61272916	55.68712412	4099.483663
1.76557492	3.61142386	58.28743176	4087.180899
1.78540591	3.61010567	61.01068625	4074.794113
1.80525215	3.60877434	63.86341675	4062.321955
1.82507034	3.60743327	66.84521739	4049.797146
1.84482706	3.60608545	69.95633681	4037.248204
1.86465217	3.60472199	73.2237843	4024.593209
1.8847009	3.60333211	76.6833187	4011.733823
1.90465812	3.60193737	80.28938291	3998.870775
1.92459745	3.60053306	84.06156091	3985.961137
1.94449497	3.59912142	88.00249192	3973.026118
1.96436913	3.59770131	92.12322434	3960.055841
1.9842415	3.59627106	96.43651332	3947.03575
2.00413118	3.59482901	100.955778	3933.951578
2.02401561	3.59337668	105.6855495	3920.81797
2.0438871	3.59191461	110.6336141	3907.640571
2.06366284	3.59044953	115.7878101	3894.480467
2.08342428	3.58897534	121.1781394	3881.283268
2.10320865	3.58748881	126.8261036	3868.020882
2.12303759	3.58598838	132.7509354	3854.680439
2.14294741	3.58447102	138.9784328	3841.236262
2.16278597	3.58294819	145.4741975	3827.790762
2.18252175	3.58142292	152.2375373	3814.370896
2.20222633	3.57988965	159.3038713	3800.928062
2.22194643	3.57834427	166.7041571	3787.426992
2.24163271	3.57679063	174.4346307	3773.902102
2.26128146	3.57522904	182.5078126	3760.356672
2.28084631	3.57366355	190.9177511	3746.826214
2.30033328	3.57209397	199.6794078	3733.309281
2.31981173	3.57051443	208.8390601	3719.755803
2.3392504	3.56892743	218.3988765	3706.187867
2.35868748	3.56732988	228.3954669	3692.579719
2.37819011	3.5657164	238.8856763	3678.886591
2.39753259	3.56410653	249.7655809	3665.274708
2.41683453	3.56249053	261.1166288	3651.661645
2.43611424	3.56086671	272.9695728	3638.033635
2.45533304	3.55923844	285.3205418	3624.419347
2.4744905	3.5576059	298.188232	3610.820505
2.49357655	3.55597014	311.5850056	3597.246014
2.5125597	3.55433425	325.506526	3583.721482
2.53147364	3.55269539	339.9958687	3570.223383
2.55036736	3.55104899	355.1136449	3556.714373
2.56920269	3.54939842	370.8537629	3543.222458
2.58800538	3.54774115	387.2624423	3529.727268
2.60672209	3.54608171	404.3170818	3516.265908
2.6253878	3.54441573	422.0732223	3502.803137
2.64399445	3.5427428	440.5492335	3489.336071
2.66251585	3.54106428	459.743767	3475.876041
2.68095684	3.53937861	479.6857753	3462.41093
2.69926185	3.5376901	500.3361127	3448.975426
2.71741981	3.53599901	521.6987666	3435.571647
2.7355058	3.53429677	543.8833952	3422.1321
2.75348332	3.53258542	566.8697993	3408.673623
2.77133773	3.53086503	590.6602298	3395.197403
2.78905188	3.52913596	615.250365	3381.706872
2.80664909	3.52739491	640.6916884	3368.177032
2.82412671	3.52564014	667.0013455	3354.595345
2.84145138	3.52387332	694.1468864	3340.975724
2.85862847	3.52209207	722.1517533	3327.300843
2.87564572	3.52029586	751.0100003	3313.56779
2.89244598	3.51848944	780.6313348	3299.813842
2.90902981	3.51667142	811.0167242	3286.029213
2.92545363	3.51483323	842.2744563	3272.150195
2.94167558	3.51297665	874.3304023	3258.191827
2.95770448	3.51109691	907.2030048	3244.119997
2.97356016	3.50918886	940.9361628	3229.89839
2.98913274	3.50726452	975.2876841	3215.618511
3.0044499	3.50531983	1010.298946	3201.251758
3.01952566	3.5033529	1045.98549	3186.785996
3.03434548	3.50136684	1082.294571	3172.245865
3.04889696	3.49936634	1119.172319	3157.667084
3.06317935	3.49735786	1156.589779	3143.097549
3.07720682	3.49535041	1194.556842	3128.602658
3.09102184	3.49334769	1233.166846	3114.208531
3.10461504	3.49135963	1272.374744	3099.985268
3.11796516	3.48939668	1312.094636	3086.005388
3.13110468	3.4874589	1352.398499	3072.266604
3.14401522	3.48555261	1393.205627	3058.810765
3.15672232	3.48367685	1434.571901	3045.627954
3.16919338	3.48183981	1476.363773	3032.772336
3.18140055	3.48004901	1518.450189	3020.29254
3.19333591	3.47830737	1560.759223	3008.204593
3.20497634	3.4766172	1603.15805	2996.520133
3.21638949	3.474973	1645.847113	2985.197024
3.22754458	3.47339197	1688.669191	2974.349303
3.23838081	3.4718971	1731.333809	2964.128997
3.24883732	3.47051308	1773.525021	2954.697876
3.25903631	3.46923369	1815.667459	2946.006427
3.26890082	3.46808698	1857.380236	2938.23806
3.27836387	3.4670937	1898.295726	2931.52566
3.28748156	3.46625511	1938.570323	2925.870566
3.29626838	3.46557891	1978.191721	2921.318507
3.30464602	3.46508308	2016.721926	2917.985168
3.31261677	3.46477066	2054.077238	2915.886801
3.32021852	3.46464315	2090.347647	2915.030814
3.32739578	3.46470719	2125.180293	2915.460689
3.33422473	3.46494943	2158.861244	2917.087324
3.34065941	3.46537727	2191.08593	2919.962473
3.34664761	3.46597939	2221.506611	2924.013612
3.35230317	3.46673416	2250.625162	2929.099738
3.35755226	3.46764804	2277.992343	2935.269893
3.36238203	3.4686948	2303.467187	2942.353171
3.36693799	3.46985626	2327.758869	2950.232616
3.371198	3.47113661	2350.704291	2958.943074
3.37513983	3.47251353	2372.137341	2968.339218
3.37882625	3.4739792	2392.358444	2978.37378
3.3823262	3.47552917	2411.716196	2989.022402
3.38559575	3.47716161	2429.941118	3000.278777
3.38863968	3.47886543	2447.032176	3012.072562
3.39150489	3.48063639	2463.229573	3024.380227
3.39424479	3.48247788	2478.81885	3037.231392
3.39681314	3.48438488	2493.521631	3050.597289
3.39922274	3.48635631	2507.394911	3064.476604
3.40151779	3.4883907	2520.680432	3078.865378
3.40372882	3.49048678	2533.546152	3093.761139
3.4058063	3.49263288	2545.694592	3109.087037
3.40775538	3.49482086	2557.145148	3124.790172
3.40960942	3.49705005	2568.085153	3140.870641
3.41138855	3.49932793	2578.627144	3157.387825
3.41303904	3.50165948	2588.445588	3174.384135
3.41456751	3.5040455	2597.571496	3191.872242
3.41600583	3.50648743	2606.188535	3209.869898
3.41736194	3.50899072	2614.339231	3228.425136
3.41859654	3.51155723	2621.781774	3247.560347
3.41970061	3.51418316	2628.455386	3267.255969
3.42069697	3.5168829	2634.492521	3287.629737
3.4216059	3.51968012	2640.011994	3308.873163
3.42236674	3.52259322	2644.641082	3331.142566
3.42295225	3.52562043	2648.208956	3354.443104
3.42317357	3.5270618	2649.558849	3365.594583
3.4233496	3.52857201	2650.632997	3377.31843
3.42345072	3.53015963	2651.250235	3389.687252
3.42347095	3.53098626	2651.373736	3396.145279
3.42344642	3.53183696	2651.223985	3402.804199
3.42341436	3.53227227	2651.028276	3406.21667
3.42336088	3.53271478	2650.701843	3409.68909
3.42332506	3.53293918	2650.483226	3411.451332
3.42327952	3.53316555	2650.205311	3413.229968
3.42321634	3.53339432	2649.819794	3415.028402
3.42312298	3.53362604	2649.250226	3416.850994
3.4230472	3.5337668	2648.787999	3417.958616
3.42294133	3.53390945	2648.14237	3419.081475
3.42287345	3.53398175	2647.728499	3419.650721
3.42278814	3.5340549	2647.208447	3420.226755
3.42273964	3.53409187	2646.912836	3420.51792
3.42268212	3.53412922	2646.562289	3420.812102
3.42261509	3.53416707	2646.153845	3421.110249
3.42253094	3.53420576	2645.641169	3421.415039
3.4224178	3.53424588	2644.952031	3421.731123
3.42231693	3.53427575	2644.337781	3421.966472
3.42218964	3.53430681	2643.562849	3422.211213
3.42203005	3.53433944	2642.591599	3422.468345
3.42181681	3.5343748	2641.294396	3422.747012
3.42166578	3.53439742	2640.376021	3422.925289
3.42146767	3.53442242	2639.171848	3423.122334
3.42136356	3.5344355	2638.539256	3423.225432
3.42124163	3.53444961	2637.798579	3423.336653
3.42109855	3.53446509	2636.929689	3423.458676
3.42102683	3.53447311	2636.494259	3423.521897
3.42095333	3.53448148	2636.048097	3423.587878
3.42087959	3.53449031	2635.600553	3423.657487
3.42080877	3.53449969	2635.170803	3423.731432
3.4207719	3.53450546	2634.947096	3423.77692
3.42075585	3.53450837	2634.84972	3423.799861
3.42074142	3.53451131	2634.762175	3423.823039
3.42073514	3.53451278	2634.724076	3423.834628
3.42072997	3.53451424	2634.692711	3423.846138
3.42072551	3.5345157	2634.665654	3423.857648
3.42072406	3.53451609	2634.656858	3423.860723
1.1726403	4.42353408	14.8812804	26517.59174
1.17004891	4.42472059	14.79274974	26590.13792
1.17234752	4.42352454	14.87125155	26517.00924
1.17554615	4.42250027	14.98118441	26454.54339
1.17894431	4.4215489	15.09886528	26396.65522
1.18252475	4.42066459	15.2238589	26342.96107
1.18552491	4.41999444	15.32939129	26302.34318
1.1879181	4.4195092	15.41409744	26272.97182
1.18989165	4.41911159	15.4843026	26248.92911
1.19150677	4.41881857	15.54199518	26231.22484
1.19314594	4.41852422	15.60076662	26213.45223
1.19480558	4.4182264	15.66049842	26195.48237
1.19647707	4.41795474	15.72088787	26179.10168
1.19818178	4.41768324	15.78271739	26162.74089
1.1998966	4.41741306	15.84515894	26146.46978
1.20163716	4.41715139	15.9087904	26130.72082
1.20341462	4.41689742	15.97403457	26115.44437
1.20520274	4.4166462	16.03994002	26100.34212
1.20700391	4.41639652	16.10660136	26085.3411
1.20882444	4.41615809	16.17426074	26071.02403
1.21068094	4.41592231	16.24354964	26056.87383
1.21254673	4.41568857	16.31348433	26042.85363
1.2144246	4.41545646	16.38417583	26028.93866
1.21631676	4.41523		16.45571511	26015.36958
1.21824178	4.41501097	16.52881733	26002.25242
1.22017846	4.4147934	16.60269004	25989.22925
1.2221255	4.4145774	16.67729074	25976.3065
1.22408274	4.41436302	16.7526201	25963.48703
1.22605207	4.41415336	16.82875818	25950.95592
1.22804823	4.41395185	16.90628672	25938.91763
1.23005759	4.41375173	16.98468864	25926.9679
1.23207573	4.41355318	17.06379913	25915.11736
1.23410237	4.41335634	17.14361362	25903.37424
1.23613796	4.41316098	17.22415639	25891.72466
1.23818376	4.41297129	17.30548439	25880.41821
1.24025714	4.41278769	17.38830062	25869.47946
1.24233746	4.41260626	17.47179237	25858.67453
1.24442588	4.41242661	17.55601244	25847.98006
1.24652151	4.41224847	17.64093135	25837.37985
1.24862456	4.412072	17.72656388	25826.88329
1.25073546	4.41189721	17.81293405	25816.49087
1.25285491	4.41172893	17.90007745	25806.48946
1.25500182	4.41156544	17.98878454	25796.77644
1.2571516	4.41140442	18.0780507	25787.21374
1.25930851	4.4112451	18.1680581	25777.75549
1.2614718	4.41108774	18.25878186	25768.41701
1.26364205	4.41093219	18.35025273	25759.18926
1.26581907	4.41077831	18.44246933	25750.06383
1.26800312	4.41062652	18.53544939	25741.06552
1.27019458	4.41048092	18.62921608	25732.43711
1.27241133	4.41034018	18.72454744	25724.09946
1.27463031	4.41020243	18.82046329	25715.94155
1.27685648	4.4100668	18.91718365	25707.91173
1.27908861	4.40993314	19.014662	25700.00099
1.28132721	4.40980186	19.11292739	25692.23348
1.28357283	4.40967279	19.21201115	25684.59902
1.28582514	4.40954579	19.31190605	25677.08921
1.28805993	4.40941992	19.41153727	25669.64839
1.29027023	4.40929858	19.51058224	25662.47741
1.29248229	4.40918696	19.61021206	25655.88262
1.2947043	4.40907943	19.71080221	25649.53109
1.29693238	4.40897487	19.81218524	25643.3565
1.29916712	4.40887322	19.91439513	25637.35517
1.30140834	4.40877414	20.01743099	25631.50693
1.30365649	4.40867813	20.12132102	25625.84117
1.30591388	4.40858495	20.22618057	25620.34361
1.30817822	4.40849498	20.33191194	25615.03656
1.3104513	4.40840837	20.43860733	25609.92874
1.31273449	4.40832536	20.54634092	25605.03419
1.3150272	4.40825228	20.65509515	25600.72591
1.31733991	4.40818412	20.76538129	25596.70834
1.31966368	4.40812038	20.87678795	25592.95187
1.3219978	4.40806089	20.98929251	25589.44637
1.32434252	4.40800592	21.10291842	25586.20764
1.32669567	4.40795554	21.21757129	25583.2397
1.32905648	4.40790977	21.33322334	25580.54365
1.3314235	4.40786903	21.44981249	25578.14412
1.33379528	4.40783359	21.5672752	25576.05693
1.33617087	4.40780379	21.6855714	25574.30204
1.33854862	4.40777954	21.8046249	25572.87407
1.34092612	4.40776123	21.92431938	25571.79593
1.34330299	4.40775382	22.04463894	25571.35962
1.34569089	4.40775386	22.16618176	25571.36198
1.34808186	4.40776068	22.28855226	25571.76355
1.35047543	4.40777439	22.41173249	25572.57082
1.35287076	4.40779475	22.53568482	25573.76971
1.35526642	4.40782222	22.66033991	25575.38735
1.35766189	4.40785685	22.78567455	25577.42677
1.3600583	4.40789892	22.91175201	25579.90457
1.36245532	4.40794868	23.03855944	25582.8356
1.36485303	4.40800645	23.16610551	25586.23886
1.36725152	4.4080726	23.29439953	25590.13636
1.36965062	4.40814729	23.42343695	25594.53773
1.37205066	4.40823121	23.55324014	25599.48391
1.37445076	4.40832459	23.68376592	25604.98879
1.37685063	4.40842816	23.81500242	25611.09576
1.37924882	4.40854562	23.9468735	25618.02352
1.38165594	4.40867524	24.07996992	25625.67064
1.38406635	4.40881667	24.21398951	25634.01712
1.38647923	4.40897005	24.34889349	25643.0719
1.38889463	4.40913628	24.48469114	25652.88888
1.39131096	4.40931535	24.62129887	25663.46836
1.39372851	4.40950793	24.75873834	25674.85089
1.39614747	4.40971483	24.89702584	25687.08542
1.39856726	4.40993638	25.03613358	25700.19272
1.40098503	4.41017324	25.17590146	25714.21318
1.40340095	4.41042599	25.31634177	25729.18265
1.4058131	4.41069504	25.45734452	25745.12709
1.40822027	4.4109809	25.59883906	25762.07854
1.41051394	4.41127396	25.73439365	25779.46855
1.41267979	4.4115658	25.86305301	25796.79782
1.41483729	4.41186902	25.99185586	25814.81518
1.41701596	4.41218908	26.12257351	25833.84681
1.41919852	4.41252763	26.25418372	25853.99319
1.42138827	4.41288402	26.38689385	25875.21815
1.42356712	4.41326138	26.51960921	25897.71099
1.42570794	4.4136565	26.65065824	25921.28338
1.42785082	4.414068	26.78248189	25945.8558
1.43005215	4.41450021	26.91858022	25971.68997
1.43197268	4.41493382	27.03788273	25997.63368
1.43408177	4.41538096	27.16950775	26024.41405
1.43602394	4.41583112	27.29128219	26051.40317
1.43788219	4.41629085	27.40830573	26078.99494
1.43988164	4.41678905	27.53478185	26108.92857
1.44159102	4.41723601	27.64337212	26135.81275
1.44334981	4.41774352	27.75554823	26166.37252
1.44496351	4.41819748	27.85887085	26193.73805
1.4466625	4.41870095	27.96807013	26224.1216
1.44879757	4.41937432	28.10590474	26264.81342
1.45123883	4.42020996	28.26433878	26315.39904
1.45427401	4.42128744	28.46256333	26380.76833
1.45785161	4.42259436	28.6979986	26460.2754
1.46221663	4.42445516	28.98789169	26573.89165
1.4642427	4.42533861	29.1234419	26628.00378
1.46639425	4.42636494	29.26808112	26691.00582
1.46838681	4.42738142	29.40267273	26753.55013
1.4705096	4.42851232	29.546742	26823.30698
1.47264986	4.42972286	29.69271159	26898.1778
1.47517414	4.43123813	29.86579914	26992.19048
1.47831865	4.43322882	30.08282726	27116.19947
1.48160564	4.43540437	30.31137517	27252.37586
1.4854128	4.43814172	30.57826218	27424.68955
1.48852176	4.44054613	30.79794648	27576.94354
1.49163133	4.44306285	31.01925264	27737.21482
1.49494806	4.44582497	31.25705522	27914.18613
1.49765496	4.44826012	31.45248472	28071.14451
1.50047801	4.45079843	31.65760165	28235.69162
1.50341123	4.45342702	31.87214041	28407.10784
1.50665104	4.45623901	32.11079367	28591.63625
1.50972879	4.45894478	32.33916409	28770.3258
1.51292336	4.46169324	32.57792056	28952.97798
1.51627506	4.46448722	32.83031578	29139.84384
1.51990341	4.46736514	33.10574839	29333.58477
1.52394328	4.47035874	33.41513961	29536.48019
1.52853518	4.47348628	33.77032032	29749.95273
1.53443455	4.47695417	34.23217944	29988.46042
1.54306059	4.48103294	34.91890287	30271.4302
1.55552005	4.48586564	35.93519865	30610.16284
1.57220549	4.49137025	37.3426806	31000.61075
1.59353918	4.4974127	39.22285297	31434.94465
1.62000796	4.50387284	41.68770242	31906.0352
1.65510714	4.51110768	45.19674305	32442.00449
1.69841001	4.51881643	49.93556982	33022.99281
1.74809058	4.52653483	55.98743613	33615.1327
1.80193958	4.5338706	63.3781532	34187.75634
1.85679787	4.54045088	71.91142089	34709.7016
1.90915989	4.54600828	81.12596765	35156.71432
1.95632941	4.55043145	90.43351469	35516.60539
1.99708947	4.55382202	99.33206636	35794.97142
2.03113606	4.55630755	107.4325935	36000.41855
2.0582364	4.55812544	114.3500608	36151.4266
2.07887415	4.55950501	119.9151762	36266.44699
2.0968326	4.56083926	124.9777207	36378.03697
2.11416783	4.56229521	130.0672116	36500.19713
2.13245696	4.56380761	135.6616079	36627.52808
2.15100606	4.56531558	141.5813536	36754.92831
2.16958698	4.56681038	147.7702404	36881.65321
2.18816457	4.56829932	154.228477	37008.31568
2.20658739	4.56979753	160.9116136	37136.20581
2.22472799	4.57133067	167.7752868	37267.53517
2.24244772	4.572932	174.7622872	37405.20162
2.25989473	4.57462284	181.9259829	37551.11526
2.27684955	4.57643093	189.1688179	37707.777
2.29321582	4.57839664	196.4336199	37878.83732
2.30891123	4.58055968	203.6625748	38067.96664
2.32388744	4.58295082	210.8081709	38278.13943
2.33785164	4.5856034	217.6965969	38512.64975
2.35055325	4.58852341	224.1574874	38772.46477
2.36167669	4.59170791	229.9729149	39057.81194
2.37086629	4.59509024	234.890953	39363.18579
2.37803		4.59860306	238.7976233	39682.8687
2.38310511	4.60221509	241.6045506	40014.28767
2.38620451	4.60583412	243.3349608	40349.12489
2.38743579	4.60942304	244.0258252	40683.94326
2.38687789	4.612964	243.7125479	41017.01013
2.38460058	4.61643514	242.4379371	41346.1561
2.3806287	4.61982204	240.2308069	41669.85987
2.37496424	4.62310224	237.1178454	41985.78137
2.36761221	4.62624803	233.1375402	42291.00736
2.3585652	4.62923251	228.3311689	42582.63285
2.34781456	4.63203179	222.748383	42857.98909
2.33536495	4.63462204	216.4536681	43114.36956
2.32121296	4.63697757	209.5139574	43348.84894
2.30540713	4.63906906	202.0259371	43558.11328
2.28793952	4.64087561	194.0615608	43739.68087
2.26883702	4.64237973	185.7107398	43891.42994
2.24811866	4.6435631	177.0592662	44011.18884
2.2257269	4.64440977	168.1616268	44097.07365
2.2017133	4.64490078	159.1157976	44146.95766
2.17621802	4.64502291	150.0437881	44159.37418
2.14927947	4.64476347	141.0195972	44133.00201
2.12105318	4.64411965	132.1457439	44067.6255
2.09190768	4.64309216	123.568473	43963.48988
2.06199902	4.64169179	115.3450655	43821.95918
2.03152463	4.63993765	107.5287581	43645.31678
2.00086126	4.63785447	100.1985092	43436.46463
1.97033141	4.63547405	93.39667387	43199.03545
1.94055597	4.63284784	87.20792839	42938.59602
1.91270564	4.63007183	81.79102297	42665.00786
1.88840086	4.62728223	77.33941095	42391.83635
1.86879829	4.62463948	73.92618419	42134.65866
1.8551744	4.62237792	71.64310503	41915.81549
1.84736721	4.62062134	70.36670416	41746.62204
1.84377418	4.61933053	69.78694387	41622.72695
1.8420945	4.61831754	69.51755674	41525.75526
1.84059818	4.61734779	69.2784528	41433.13452
1.83916277	4.61631881	69.04985485	41335.08262
1.83867639	4.6153481	68.97256704	41242.796
1.83956515	4.61452928	69.11386017	41165.10998
1.84173917	4.61390633	69.46070229	41106.10526
1.8448512	4.61346988	69.96022539	41064.81589
1.84858197	4.6131802	70.56380156	41037.43426
1.85283303	4.61302372	71.25790175	41022.65078
1.85755181	4.6129893	72.03636833	41019.39966
1.86277089	4.61309543	72.90727899	41029.42494
1.86830987	4.61329577	73.84309142	41048.35617
1.87417186	4.61356444	74.84656264	41073.758
1.88039873	4.6139091	75.92743523	41106.36744
1.88697902	4.61433059	77.0866229	41146.28122
1.8938551	4.61476458	78.31682993	41187.4192
1.90113546	4.6152499	79.64077178	41233.47148
1.90870497	4.61573236	81.04103334	41279.30342
1.91661613	4.61621926	82.53081427	41325.60878
1.92479269	4.61672968	84.09935984	41374.20672
1.93302465	4.61710695	85.7086491	41410.16395
1.94192216	4.61770482	87.48269631	41467.21037
1.95072179	4.61820717	89.27334135	41515.2034
1.95978602	4.61867246	91.15615958	41559.70537
1.96898168	4.61917636	93.1068599	41607.95394
1.97829899	4.61967913	95.12594628	41656.15014
1.98766409	4.6202359	97.19951323	41709.588
1.99712282	4.62082409	99.33969448	41766.11597
2.00666872	4.62146954	101.5473794	41828.23507
2.01627049	4.62219779	103.8174817	41898.4339
2.02598742	4.62296474	106.1664804	41972.49055
2.03563919	4.62383407	108.5523401	42056.59129
2.04535064	4.62478464	111.0070701	42148.74424
2.05508557	4.62586257	113.5234471	42253.48844
2.06494717	4.62702755	116.1307337	42366.98412
2.07486486	4.62830074	118.8132457	42491.37061
2.08482142	4.62968237	121.5686013	42626.76454
2.09475112	4.6312099	124.3801625	42776.95826
2.10485989	4.63288456	127.3092296	42942.22667
2.11515793	4.63463645	130.3640758	43115.80013
2.12538898	4.63649435	133.4716348	43300.64345
2.13596208	4.63858741	136.7609409	43509.83236
2.14633023	4.64076943	140.0651949	43728.98832
2.15683675	4.64306393	143.4949939	43960.63226
2.16737785	4.64547265	147.0204846	44205.12775
2.17790826	4.64804374	150.6288845	44467.60508
2.18836274	4.65076431	154.298868	44747.03977
2.19873756	4.65355737	158.0292795	45035.74693
2.20910294	4.65645713	161.8463614	45337.45421
2.21938345	4.65945729	165.7232532	45651.73525
2.22940688	4.66258899	169.5925928	45982.11995
2.23941266	4.66581732	173.5452215	46325.20182
2.24923165	4.66911466	177.5136075	46678.26014
2.25891037	4.67250582	181.5141014	47044.17101
2.26835584	4.67599852	185.505094	47424.03691
2.27757544	4.67960866	189.4852635	47819.8996
2.28873186	4.68422113	194.4159358	48330.4824
2.30225896	4.69019246	200.5667605	48999.59157
2.31845258	4.69833755	208.1865077	49927.239
2.33722909	4.70979692	217.3847579	51262.16215
2.35853012	4.72572971	228.3127263	53177.71964
2.37730669	4.74506603	238.4002409	55598.87832
2.38930532	4.76448653	245.0785601	58141.5399
2.39544995	4.78264524	248.5707084	60624.09102
2.39627223	4.80074137	249.0417905	63203.53511
2.3912599	4.81830193	246.1840432	65811.52129
2.38053414	4.83482478	240.1785065	68363.57727
2.36317903	4.85077303	230.7698299	70920.70269
2.34040513	4.86465318	218.9803421	73223.95459
2.31189634	4.87736867	205.0672654	75399.53543
2.27696488	4.88880308	189.2190597	77411.0717
2.23515743	4.89854906	171.8531235	79167.88814
2.18557341	4.90654421	153.311033	80638.82853
2.12500851	4.91288597	133.3547563	81824.99171
2.0486281	4.9183656	111.8479684	82863.94397
1.98341176	4.91163938	96.25244273	81590.45969
1.96610544	4.91162435	92.49227036	81587.63607
2.00584995	4.91714659	101.3561137	82631.68141
2.03736828	4.92064629	108.9853893	83300.24716
2.07605099	4.92405241	119.1381879	83956.12974
2.13503677	4.92847489	136.4698675	84815.43425
2.17821008	4.93091534	150.7336029	85293.38296
2.20413695	4.93240486	160.0062511	85586.41988
2.25141207	4.93400061	178.4070738	85901.47281
2.22844685	4.93859431	169.2181139	86814.90813
2.19428017	4.94534805	156.4156378	88175.52416
2.15521967	4.95062921	142.9616889	89254.31269
2.09437662	4.95212258	124.2729535	89561.75187
2.00739177	4.94789092	101.7165848	88693.32166
1.90409786	4.93873256	80.18587266	86842.54853
1.79540138	4.9265468	62.43115649	84439.72301
1.68489117	4.91253671	48.40510539	81759.21444
1.57406646	4.89733412	37.50303887	78946.72526
1.46452624	4.8814189	29.14246208	76106.00057
1.35710233	4.86512123	22.7563356	73302.91241
1.25238308	4.84868793	17.88064085	70581.01996
1.15124127	4.83236988	14.16580535	67978.23433
1.05399607	4.81630944	11.32390116	65510.27764
0.960499883	4.80054283	9.130611893	63174.64789
0.870504674	4.78506351	7.421721852	60962.60407
0.783433029	4.76978701	6.073415997	58855.4941
0.698897884	4.75466445	4.999169753	56841.35864
0.616612011	4.73966488	4.136299819	54911.69884
0.535984678	4.72469225	3.435458273	53050.83819
0.456768493	4.70971963	2.862651585	51253.04
0.378639606	4.69470283	2.391330516	49511.12904
0.301484929	4.67964143	2.002096143	47823.50803
0.225232479	4.66453991	1.679702927	46189.1436
0.149891872	4.6494244	1.412185903	44609.19642
0.075628209	4.63435224	1.190222647	43087.59362
0.002532804	4.61936165	1.005849036	41625.70959
-0.069271136	4.60450407	0.852567678	40225.74257
-0.140243426	4.58969295	0.724030021	38877.01839
-0.21092974	4.57481298	0.615276404	37567.55925
-0.281226872	4.55989261	0.523326983	36298.82859
-0.35165522	4.5448158	0.444984394	35060.31389
-0.42206095	4.52962253	0.378389477	33854.97754
-0.492241568	4.51436491	0.321927763	32686.23584
-0.562163486	4.49905534	0.274054233	31554.06676
-0.631564721	4.4837624	0.233579798	30462.2796
-0.700231992	4.46854233	0.199419677	29413.20366
-0.76792325	4.45345799	0.170638392	28409.13366
-0.834327559	4.43859135	0.146444289	27453.09734
-0.899395866	4.42396194	0.126067788	26543.72932
-0.963033564	4.40959839	0.108884594	25680.19931
-1.02502626	4.39555729	0.094400379	24863.21526
-1.08555493	4.38180253	0.082119268	24088.09914
-1.14459363	4.36834561	0.071681382	23353.15759
-1.20212571	4.35519506	0.062787659	22656.61683
-1.25829093	4.34232165	0.055170773	21994.88269
-1.31318521	4.32970723	0.048619982	21365.21315
-1.36696736	4.31731818	0.042956871	20764.34232
-1.41980219	4.30511854	0.03803626	20189.17349
-1.47178718	4.29308768	0.033745263	19637.56701
-1.52304924	4.28119744	0.029988225	19107.21718
-1.57374473	4.26942877	0.026684267	18596.39533
-1.62402435	4.2577149	0.02376707	18101.51398
-1.67395999	4.24605755	0.021185563	17622.09548
-1.72356793	4.23445409	0.018898706	17157.50326
-1.77290619	4.22289076	0.016869174	16706.7033
-1.82203523	4.21135485	0.015064849	16268.77489
-1.87107446	4.19981846	0.013456296	15842.30828
-1.92015424	4.18825093	0.012018375	15425.91486
-1.96935502	4.17663362	0.010731118	15018.74419
-2.01864152	4.16497519	0.009579845	14620.93647
-2.0681097	4.15325263	0.008548508	14231.56399
-2.11765373	4.14149359	0.007626869	13851.39742
-2.16729477	4.12969198	0.006803075	13480.0648
-2.21711065	4.11783013	0.006065818	13116.86745
-2.2670007	4.10593405	0.005407535	12762.44989
-2.31642866	4.09413308	0.004825822	12420.32843
-2.36517625	4.08247739	0.00431344	12091.42232
-2.41313367	4.07099579	0.003862481	11775.94558
-2.45995574	4.05977532	0.003467722	11475.59784
-2.50392409	4.0492353	0.003133833	11200.44557
-2.53754335	4.04120426	0.002900392	10995.22852
-2.56673946	4.03424302	0.002711818	10820.39263
-2.59554544	4.0273889	0.002537783	10650.96359
-2.62408532	4.02059282	0.002376373	10485.58874
-2.65407387	4.01344119	0.002217819	10314.33398
-2.68570215	4.00589156	0.002062044	10136.58251
-2.71861436	3.99802846	0.00191155	9954.7065
-2.75278715	3.98984695	0.001766904	9768.928928
-2.78847364	3.98131649	0.00162752	9578.918761
-2.82494076	3.97256896	0.00149644	9387.91092
-2.86310025	3.96339658	0.001370565	9191.715633
-2.90258753	3.95391283	0.001251447	8993.170558
-2.94271105	3.94423879	0.001141009	8795.059665
-2.98436024	3.93419532	0.001036668	8593.999419
-3.02662872	3.92397546	0.000940527	8394.125538
-3.07011381	3.91344872	0.000850915	8193.108761
-3.11412371	3.90278538	0.000768911	7994.390899
-3.15849505	3.89201678	0.000694233	7798.602417
-3.20319093	3.8811579	0.000626338	7606.027652
-3.24806873	3.87024841	0.000564848	7417.34381
-3.29304572	3.85929844	0.000509277	7232.666498
-3.33844966	3.84822923	0.000458723	7050.651194
-3.38423649	3.83705704	0.000412823	6871.586851
-3.43024337	3.82582432	0.000371327	6696.136837
-3.47631063	3.81456452	0.000333956	6524.759674
-3.52255892	3.80324952	0.000300221	6356.960604
-3.56887584	3.79191051	0.000269851	6193.134472
